pc_time,t_s,rh_in,temp_in,sensor_ok,cmd_main,cmd_backup,mode,burst_left_s,fault,z,sigma,mist_slow,mist_fast,leak_slow_per_s,leak_fast_per_s,active
2026-09-27 19:58:38,228,69.84,31.60,1,1,0,mist,130,,0.00,0.150,1.6083,1.6083,7.25e-03,7.25e-03,main
2026-09-27 19:58:43,233,70.45,31.60,1,1,0,mist,125,,0.80,0.150,1.6083,1.6083,1.34e-04,1.48e-04,main
2026-09-27 19:58:48,238,69.76,31.59,1,1,0,mist,120,,-5.24,0.175,0.4505,0.4523,1.80e-02,1.80e-02,main
2026-09-27 19:58:52,243,69.45,31.59,1,1,0,mist,115,,-2.25,0.179,0.0000,0.0009,-0.00e+00,3.60e-05,main
2026-09-27 19:58:57,248,69.91,31.59,1,1,0,mist,110,,3.72,0.191,1.4578,1.4596,7.64e-02,7.65e-02,main
2026-09-27 19:59:02,253,71.36,31.58,1,1,0,mist,105,,3.76,0.205,3.1169,3.1229,4.45e-02,4.44e-02,main
2026-09-27 19:59:08,259,72.12,31.58,1,1,0,mist,99,,1.82,0.208,3.7934,3.8070,-0.00e+00,8.91e-05,main
2026-09-27 19:59:14,265,73.12,31.60,1,1,0,mist,93,,3.27,0.219,4.3724,4.3851,-0.00e+00,-0.00e+00,main
2026-09-27 19:59:20,271,73.22,31.59,1,1,0,mist,87,,6.69,0.235,4.4137,4.4236,-0.00e+00,-0.00e+00,main
2026-09-27 19:59:26,277,73.38,31.59,1,1,0,mist,81,,10.51,0.252,4.6519,4.6621,-0.00e+00,-0.00e+00,main
2026-09-27 19:59:31,282,72.99,31.60,1,1,0,mist,76,,11.46,0.270,4.9546,4.9666,-0.00e+00,-0.00e+00,main
2026-09-27 19:59:37,288,73.45,31.57,1,1,0,mist,70,,12.94,0.289,5.8186,5.8409,-0.00e+00,-0.00e+00,main
2026-09-27 19:59:43,294,75.39,31.58,1,1,0,mist,64,,13.80,0.310,6.3751,6.4037,-0.00e+00,-0.00e+00,main
2026-09-27 19:59:49,300,74.27,31.56,1,1,0,mist,58,,10.51,0.333,5.2069,5.2199,-0.00e+00,-0.00e+00,main
2026-09-27 19:59:55,306,74.54,31.54,1,1,0,mist,52,,14.45,0.357,5.4044,5.4197,-0.00e+00,-0.00e+00,main
2026-09-27 20:00:01,312,76.25,31.53,1,1,0,mist,46,,15.46,0.383,5.5959,5.6149,-0.00e+00,-0.00e+00,main
2026-09-27 20:00:07,318,75.20,31.51,1,1,0,mist,40,,13.09,0.410,4.2290,4.2268,-0.00e+00,-0.00e+00,main
2026-09-27 20:00:13,324,77.06,31.49,1,1,0,mist,34,,17.06,0.440,4.0935,4.0918,-0.00e+00,-0.00e+00,main
2026-09-27 20:00:18,329,74.35,31.46,1,1,0,mist,29,,13.65,0.472,2.5206,2.4937,-0.00e+00,-0.00e+00,main
2026-09-27 20:00:24,335,75.36,31.41,1,1,0,mist,23,,17.44,0.506,3.9981,4.0038,1.76e-02,1.82e-02,main
2026-09-27 20:00:30,341,73.79,31.35,1,1,0,mist,17,,14.35,0.542,4.7299,4.7548,1.15e-02,1.23e-02,main
2026-09-27 20:00:36,347,70.89,31.23,1,1,0,mist,11,,11.92,0.582,7.7567,7.8457,5.74e-02,5.91e-02,main
2026-09-27 20:00:42,353,70.77,31.22,1,1,0,mist,5,,11.05,0.624,11.9033,12.0376,1.39e-01,1.41e-01,main
2026-09-27 20:00:48,359,70.41,31.21,1,0,0,cool,60,,8.30,0.669,14.9211,15.0796,1.98e-01,2.01e-01,main
2026-09-27 20:00:54,365,69.95,31.22,1,0,0,cool,54,,6.21,0.717,17.3993,17.5743,2.49e-01,2.52e-01,main
2026-09-27 20:00:59,370,69.98,31.23,1,0,0,cool,49,,5.77,0.769,19.5043,19.6773,2.84e-01,2.87e-01,main
2026-09-27 20:01:05,376,70.53,31.23,1,0,0,cool,43,,5.01,0.825,20.4378,20.5923,3.06e-01,3.09e-01,main
2026-09-27 20:01:11,382,69.79,31.24,1,0,0,cool,37,,4.47,0.885,20.5634,20.6870,3.17e-01,3.20e-01,main
2026-09-27 20:01:17,388,69.76,31.23,1,0,0,cool,31,,3.91,0.949,20.3166,20.4001,3.31e-01,3.34e-01,main
2026-09-27 20:01:23,394,69.92,31.25,1,0,0,cool,25,,3.66,1.014,19.6446,19.6790,3.43e-01,3.46e-01,main
2026-09-27 20:01:29,400,69.69,31.24,1,0,0,cool,19,,3.34,1.071,18.5760,18.5539,3.49e-01,3.52e-01,main
2026-09-27 20:01:35,406,69.85,31.26,1,0,0,cool,13,,3.05,1.119,17.3022,17.2195,3.56e-01,3.59e-01,main
2026-09-27 20:01:41,412,69.52,31.26,1,0,0,cool,7,,2.71,1.156,15.8902,15.7703,3.58e-01,3.61e-01,main
2026-09-27 20:01:46,417,69.55,31.26,1,0,0,cool,2,,2.37,1.184,14.6344,14.4870,3.62e-01,3.65e-01,main
2026-09-27 20:01:52,423,69.61,31.24,1,0,0,idle,0,,2.14,1.206,13.4494,13.2811,3.64e-01,3.67e-01,main
