pc_time,uptime_s,temp_in_c,rh_in_pct,temp_room_c,rh_room_pct,lux,soil_pct,soil_raw1,soil_raw2,leak_raw,tank_ok,mode,water,mist,light,rssi,event
2026-09-25 15:21:50,200,29.6,85,29.9,83,--,100,0,0,21,1,auto,0,1,1,0,
2026-09-25 15:22:00,210,29.5,86,29.9,84,--,74,1650,1195,0,1,auto,0,1,1,0,
2026-09-25 15:22:09,220,29.5,86,29.8,85,--,100,2,0,0,1,auto,0,1,1,0,
2026-09-25 15:22:19,230,29.5,87,29.8,85,--,100,65,96,142,1,auto,0,1,1,0,
2026-09-25 15:22:29,240,29.5,87,29.7,86,--,86,1445,1027,0,1,auto,0,1,1,0,
2026-09-25 15:22:39,250,29.5,87,29.6,86,--,100,0,0,13,1,auto,0,1,1,0,
2026-09-25 15:22:49,260,29.4,87,29.5,86,--,68,1729,1290,0,1,auto,0,1,1,0,
2026-09-25 15:22:59,270,29.4,87,29.5,87,--,100,63,98,155,1,auto,0,1,1,0,
2026-09-25 15:23:09,280,29.4,87,29.5,87,--,81,1530,1104,0,1,auto,0,1,1,0,
2026-09-25 15:23:19,290,29.4,87,29.4,87,--,100,0,0,5,1,auto,0,1,1,0,
2026-09-25 15:23:29,300,29.4,87,29.3,87,--,100,0,0,0,1,auto,0,1,1,0,
2026-09-25 15:23:39,310,29.3,87,29.3,88,--,68,1602,1401,507,1,auto,0,1,1,0,
2026-09-25 15:23:49,320,29.3,88,29.2,88,--,100,0,0,0,1,auto,0,1,1,0,
2026-09-25 15:23:59,330,29.3,88,29.2,88,--,100,629,332,0,1,auto,0,1,1,0,
2026-09-25 15:24:09,340,29.2,88,29.1,88,--,100,50,89,151,1,auto,0,1,1,0,
2026-09-25 15:24:19,350,29.2,88,29.1,88,--,100,0,0,0,1,auto,0,1,1,0,
2026-09-25 15:24:29,360,29.2,88,29.1,88,--,100,0,0,0,1,auto,0,1,1,0,
2026-09-25 15:24:39,370,29.1,88,29.1,88,--,100,0,0,0,1,auto,0,1,1,0,
2026-09-25 15:24:49,380,29.1,88,29.0,88,--,51,1923,1569,310,1,auto,0,1,1,0,
2026-09-25 15:24:59,390,29.1,88,28.9,88,--,100,0,0,0,1,auto,0,1,1,0,
2026-09-25 15:25:09,400,29.1,88,28.8,89,--,65,1782,1322,0,1,auto,0,1,1,0,
2026-09-25 15:25:19,410,29.0,88,28.7,89,--,64,1667,1438,449,1,auto,0,1,1,0,
2026-09-25 15:25:29,420,29.0,88,28.7,89,--,100,343,106,0,1,auto,0,0,1,0,[hum] mist off
2026-09-25 15:25:39,430,29.0,88,28.6,89,--,100,939,894,413,1,auto,0,0,1,0,
2026-09-25 15:25:49,440,28.9,88,28.4,89,--,100,134,6,0,1,auto,0,0,1,0,
2026-09-25 15:25:59,450,28.9,88,28.4,89,--,100,0,0,0,1,auto,0,0,1,0,
2026-09-25 15:26:09,460,28.9,88,28.3,89,--,100,682,651,317,1,auto,0,0,1,0,
2026-09-25 15:26:19,470,28.9,88,28.2,89,--,85,1484,1049,0,1,auto,0,0,1,0,
2026-09-25 15:26:29,480,28.8,88,28.2,89,--,100,0,0,0,1,auto,0,0,1,0,
2026-09-25 15:26:39,490,28.8,88,28.2,89,--,100,0,0,0,1,auto,0,0,1,0,
2026-09-25 15:26:49,500,28.8,88,28.2,89,--,100,0,0,0,1,auto,0,0,1,0,
2026-09-25 15:26:59,510,28.8,88,28.2,89,--,100,0,0,0,1,auto,0,0,1,0,
2026-09-25 15:27:09,520,28.8,88,28.2,89,--,100,0,0,0,1,auto,0,0,1,0,
2026-09-25 15:27:19,530,28.8,88,28.2,89,--,100,0,0,0,1,auto,0,0,1,0,
2026-09-25 15:27:29,540,28.8,88,28.2,89,--,100,0,0,33,1,auto,0,0,1,0,
2026-09-25 15:27:39,550,28.8,88,28.2,89,--,100,287,313,200,1,auto,0,0,1,0,
2026-09-25 15:27:49,560,28.8,88,28.2,89,--,100,766,445,0,1,auto,0,0,1,0,
2026-09-25 15:27:59,570,28.8,88,28.3,89,--,65,1689,1420,368,1,auto,0,0,1,0,
2026-09-25 15:28:09,580,28.8,88,28.2,89,--,100,0,0,0,1,auto,0,0,1,0,
2026-09-25 15:28:19,590,28.8,88,28.1,89,--,80,1427,1259,442,1,auto,0,0,1,0,
2026-09-25 15:28:29,600,28.8,88,28.2,89,--,100,0,0,0,1,auto,0,0,1,0,
2026-09-25 15:28:39,610,28.8,88,28.2,89,--,100,853,521,0,1,auto,0,0,1,0,
2026-09-25 15:28:49,620,28.8,88,28.2,89,--,100,0,0,0,1,auto,0,0,1,0,
2026-09-25 15:28:59,630,28.8,88,28.2,89,--,100,0,0,0,1,auto,0,0,1,0,
2026-09-25 15:29:09,640,28.7,88,28.2,89,--,100,0,0,0,1,auto,0,0,1,0,
2026-09-25 15:29:19,650,28.7,88,28.3,89,--,100,0,0,0,1,auto,0,0,1,0,
2026-09-25 15:29:29,660,28.6,88,28.4,89,--,100,0,0,13,1,auto,0,0,1,0,
2026-09-25 15:29:39,670,28.5,88,28.4,89,--,100,0,0,0,1,auto,0,0,1,0,
2026-09-25 15:29:49,680,28.4,88,28.3,89,--,100,353,336,202,1,auto,0,0,1,0,
2026-09-25 15:29:59,690,28.4,88,28.4,89,--,100,776,731,340,1,auto,0,0,1,0,
2026-09-25 15:30:09,700,28.4,88,28.4,89,--,100,1028,946,405,1,auto,0,0,1,0,
2026-09-25 15:30:19,710,28.4,88,28.4,89,--,100,557,534,282,1,auto,0,0,1,0,
2026-09-25 15:30:29,720,28.5,88,28.3,89,--,100,376,351,202,1,auto,0,0,1,0,
2026-09-25 15:30:39,730,28.5,88,28.4,88,--,100,0,0,0,1,auto,0,0,1,0,
2026-09-25 15:30:49,740,28.5,88,28.4,88,--,100,334,101,0,1,auto,0,0,1,0,
2026-09-25 15:30:59,750,28.5,88,28.5,88,--,100,5,26,101,1,auto,0,0,1,0,
2026-09-25 15:31:09,760,28.6,88,28.5,88,--,100,0,0,58,1,auto,0,0,1,0,
2026-09-25 15:31:19,770,28.5,88,28.6,88,--,100,722,412,0,1,auto,0,0,1,0,
2026-09-25 15:31:29,780,28.6,88,28.6,88,--,100,0,0,0,1,auto,0,0,1,0,
2026-09-25 15:31:39,790,28.6,88,28.5,88,--,100,445,398,210,1,auto,0,0,1,0,
2026-09-25 15:31:49,800,28.5,88,28.6,88,--,62,1770,1397,66,1,auto,0,0,1,0,
2026-09-25 15:31:59,810,28.5,88,28.6,88,--,100,32,0,0,1,auto,0,0,1,0,
2026-09-25 15:32:09,820,28.5,88,28.5,88,--,100,0,0,0,1,auto,0,0,1,0,
2026-09-25 15:32:19,830,28.6,88,28.5,88,--,100,0,0,71,1,auto,0,0,1,0,
2026-09-25 15:32:29,840,28.6,88,28.6,88,--,100,299,291,184,1,auto,0,0,1,0,
2026-09-25 15:32:39,850,28.6,88,28.6,87,--,81,1402,1229,405,1,auto,0,0,1,0,
2026-09-25 15:32:49,860,28.6,88,28.6,87,--,100,2,0,0,1,auto,0,0,1,0,
2026-09-25 15:32:59,870,28.6,88,28.6,87,--,100,97,121,147,1,auto,0,0,1,0,
2026-09-25 15:33:09,880,28.6,88,28.6,87,--,67,1658,1382,311,1,auto,0,0,1,0,
2026-09-25 15:33:19,890,28.5,88,28.7,87,--,100,759,723,334,1,auto,0,0,1,0,
2026-09-25 15:33:29,900,28.5,88,28.7,87,--,100,433,384,203,1,auto,0,0,1,0,
2026-09-25 15:33:39,910,28.5,88,28.7,86,--,87,1303,1170,411,1,auto,0,0,1,0,
2026-09-25 15:33:49,920,28.5,88,28.6,86,--,89,1354,951,0,1,auto,0,0,1,0,
2026-09-25 15:33:59,930,28.5,88,28.7,86,--,100,0,0,0,1,auto,0,0,1,0,
2026-09-25 15:34:09,940,28.6,88,28.8,86,--,100,0,0,0,1,auto,0,0,1,0,
2026-09-25 15:34:19,950,28.6,88,28.7,85,--,100,0,0,0,1,auto,0,0,1,0,
2026-09-25 15:34:29,960,28.6,88,28.8,85,--,88,1381,977,0,1,auto,0,0,1,0,
2026-09-25 15:34:39,970,28.6,88,28.8,85,--,63,1736,1416,209,1,auto,0,0,1,0,
2026-09-25 15:34:49,980,28.6,88,28.8,85,--,68,1648,1370,292,1,auto,0,0,1,0,
2026-09-25 15:34:59,990,28.7,88,28.8,85,--,84,1492,1080,0,1,auto,0,0,1,0,
2026-09-25 15:35:09,1000,28.7,88,28.8,84,--,100,661,601,306,1,auto,0,0,1,0,
2026-09-25 15:35:19,1010,28.7,87,28.9,84,--,100,342,301,171,1,auto,0,0,1,0,
2026-09-25 15:35:29,1020,28.6,87,28.9,84,--,100,0,0,0,1,auto,0,0,1,0,
2026-09-25 15:35:39,1030,28.6,87,28.9,84,--,99,1090,709,0,1,auto,0,0,1,0,
2026-09-25 15:35:49,1040,28.6,87,28.9,84,--,72,1583,1323,294,1,auto,0,0,1,0,
2026-09-25 15:35:59,1050,28.7,87,28.9,83,--,100,184,210,164,1,auto,0,0,1,0,
2026-09-25 15:36:09,1060,28.7,87,28.9,83,--,100,0,0,0,1,auto,0,0,1,0,
2026-09-25 15:36:29,1080,28.7,87,29.0,83,--,100,0,0,0,1,auto,0,0,1,0,
2026-09-25 15:36:39,1090,28.7,86,29.0,83,--,100,703,403,0,1,auto,0,0,1,0,
2026-09-25 15:36:49,1100,28.7,86,29.0,82,--,100,0,0,0,1,auto,0,0,1,0,
2026-09-25 15:36:59,1110,28.7,86,29.0,82,--,69,1638,1352,277,1,auto,0,0,1,0,
2026-09-25 15:37:09,1120,28.7,86,29.0,82,--,100,0,0,0,1,auto,0,0,1,0,
2026-09-25 15:37:19,1130,28.7,86,29.0,82,--,65,1721,1375,135,1,auto,0,0,1,0,
2026-09-25 15:37:29,1140,28.7,86,29.1,82,--,100,0,0,0,1,auto,0,0,1,0,
2026-09-25 15:37:39,1150,28.7,86,29.1,82,--,100,774,726,326,1,auto,0,0,1,0,
2026-09-25 15:37:49,1160,28.8,86,29.2,82,--,65,1717,1371,123,1,auto,0,0,1,0,
2026-09-25 15:37:59,1170,28.7,85,29.2,82,--,100,220,225,161,1,auto,0,1,1,0,[hum] 85% < 85% -> mist on
2026-09-25 15:38:09,1180,28.7,86,29.2,84,--,99,1095,997,385,1,auto,0,1,1,0,
2026-09-25 15:38:19,1190,28.7,86,29.1,85,--,65,1717,1384,192,1,auto,0,1,1,0,
2026-09-25 15:38:29,1200,28.8,87,29.1,86,--,71,1662,1258,0,1,auto,0,1,1,0,
2026-09-25 15:38:39,1210,28.8,87,29.1,86,--,100,855,508,0,1,auto,0,1,1,0,
2026-09-25 15:38:49,1220,28.9,87,29.0,87,--,100,120,6,0,1,auto,0,1,1,0,
2026-09-25 15:38:59,1230,28.9,88,28.9,87,--,100,776,454,0,1,auto,0,1,1,0,
2026-09-25 15:39:09,1240,28.9,88,28.9,87,--,67,1685,1366,196,1,auto,0,1,1,0,
2026-09-25 15:39:19,1250,28.9,88,28.9,88,--,100,382,362,199,1,auto,0,1,1,0,
2026-09-25 15:39:29,1260,28.9,88,28.9,88,--,100,0,0,0,1,auto,0,1,1,0,
2026-09-25 15:39:39,1270,28.9,88,28.9,88,--,100,185,22,0,1,auto,0,1,1,0,
2026-09-25 15:39:49,1280,28.9,88,28.9,88,--,78,1485,1253,339,1,auto,0,1,1,0,
2026-09-25 15:39:59,1290,28.9,88,28.8,88,--,100,177,187,156,1,auto,0,1,1,0,
2026-09-25 15:40:09,1300,28.9,88,28.8,89,--,100,0,0,0,1,auto,0,1,1,0,
2026-09-25 15:40:19,1310,28.8,88,28.7,89,--,100,0,0,0,1,auto,0,1,1,0,
2026-09-25 15:40:29,1320,28.8,88,28.6,89,--,67,1690,1367,201,1,auto,0,1,1,0,
2026-09-25 15:40:39,1330,28.8,88,28.6,89,--,100,0,0,0,1,auto,0,1,1,0,
2026-09-25 15:40:49,1340,28.8,88,28.5,89,--,100,694,664,305,1,auto,0,1,1,0,
2026-09-25 15:40:59,1350,28.7,88,28.5,89,--,100,0,0,0,1,auto,0,1,1,0,
2026-09-25 15:41:09,1360,28.6,88,28.3,89,--,100,0,0,0,1,auto,0,1,1,0,
2026-09-25 15:41:19,1370,28.6,88,28.3,89,--,100,0,0,0,1,auto,0,1,1,0,
2026-09-25 15:41:29,1380,28.6,88,28.3,89,--,100,674,613,283,1,auto,0,1,1,0,
2026-09-25 15:41:39,1390,28.6,88,28.4,89,--,100,168,17,0,1,auto,0,1,1,0,
2026-09-25 15:41:49,1400,28.6,88,28.2,89,--,72,1583,1318,307,1,auto,0,1,1,0,
2026-09-25 15:41:59,1410,28.6,88,28.3,89,--,100,0,0,0,1,auto,0,1,1,0,
2026-09-25 15:42:09,1420,28.6,88,28.3,89,--,87,1317,1160,376,1,auto,0,1,1,0,
2026-09-25 15:42:19,1430,28.6,88,28.3,89,--,100,776,445,0,1,auto,0,1,1,0,
2026-09-25 15:42:29,1440,28.6,88,28.2,90,--,100,12,0,0,1,auto,0,1,1,0,
2026-09-25 15:42:39,1450,28.6,88,28.2,90,--,66,1716,1362,124,1,auto,0,1,1,0,
2026-09-25 15:42:49,1460,28.6,88,28.2,90,--,100,0,0,0,1,auto,0,1,1,0,
2026-09-25 15:42:59,1470,28.5,88,28.0,90,--,100,0,0,0,1,auto,0,0,1,0,[hum] mist off
2026-09-25 15:43:09,1480,28.5,88,28.1,90,--,100,0,0,0,1,auto,0,0,1,0,
2026-09-25 15:43:19,1490,28.5,88,28.2,90,--,100,0,0,0,1,auto,0,0,1,0,
2026-09-25 15:43:29,1500,28.5,88,28.3,90,--,100,0,0,0,1,auto,0,0,1,0,
2026-09-25 15:43:39,1510,28.5,88,28.3,90,--,100,0,0,0,1,auto,0,0,1,0,
2026-09-25 15:43:49,1520,28.5,88,28.2,90,--,100,0,0,0,1,auto,0,0,1,0,
2026-09-25 15:43:59,1530,28.5,88,28.1,90,--,75,1625,1173,0,1,auto,0,0,1,0,
2026-09-25 15:44:09,1540,28.5,88,28.0,90,--,82,1403,1208,364,1,auto,0,0,1,0,
2026-09-25 15:44:19,1550,28.5,88,28.0,90,--,68,1691,1322,59,1,auto,0,0,1,0,
2026-09-25 15:44:29,1560,28.5,88,28.0,90,--,100,0,0,0,1,auto,0,0,1,0,
2026-09-25 15:44:39,1570,28.4,88,28.0,90,--,100,0,0,0,1,auto,0,0,1,0,
2026-09-25 15:44:49,1580,28.4,89,28.0,90,--,100,434,414,218,1,auto,0,0,1,0,
2026-09-25 15:44:59,1590,28.4,89,28.0,90,--,100,0,0,1,1,auto,0,0,1,0,
2026-09-25 15:45:09,1600,28.4,89,28.1,90,--,100,0,0,0,1,auto,0,0,1,0,
2026-09-25 15:45:19,1610,28.4,89,28.1,90,--,90,1320,931,0,1,auto,0,0,1,0,
2026-09-25 15:45:29,1620,28.4,88,28.1,90,--,100,0,0,0,1,auto,0,0,1,0,
2026-09-25 15:45:39,1630,28.4,89,28.1,90,--,100,0,0,0,1,auto,0,0,1,0,
2026-09-25 15:45:49,1640,28.4,89,28.1,90,--,100,212,34,0,1,auto,0,0,1,0,
2026-09-25 15:45:59,1650,28.4,89,28.0,90,--,69,1663,1325,92,1,auto,0,0,1,0,
2026-09-25 15:46:09,1660,28.4,89,28.1,90,--,77,1504,1262,321,1,auto,0,0,1,0,
2026-09-25 15:46:19,1670,28.5,89,28.1,90,--,66,1701,1356,116,1,auto,0,0,1,0,
2026-09-25 15:46:29,1680,28.5,89,28.2,90,--,100,6,0,0,1,auto,0,0,1,0,
2026-09-25 15:46:39,1690,28.5,89,28.3,90,--,100,490,482,233,1,auto,0,0,1,0,
2026-09-25 15:46:49,1700,28.5,89,28.3,90,--,100,0,0,11,1,auto,0,0,1,0,
2026-09-25 15:46:59,1710,28.5,89,28.4,90,--,100,457,452,246,1,auto,0,0,1,0,
2026-09-25 15:47:09,1720,28.5,89,28.4,90,--,84,1387,1197,355,1,auto,0,0,1,0,
2026-09-25 15:47:19,1730,28.5,89,28.5,90,--,100,1064,967,375,1,auto,0,0,1,0,
2026-09-25 15:47:30,1740,28.5,89,28.5,90,--,100,0,0,0,1,auto,0,0,1,0,
2026-09-25 15:47:39,1750,28.5,89,28.3,90,--,73,1639,1223,0,1,auto,0,0,1,0,
2026-09-25 15:47:49,1760,28.5,89,28.4,90,--,100,0,0,63,1,auto,0,0,1,0,
2026-09-25 15:47:59,1770,28.5,89,28.2,90,--,100,2,0,0,1,auto,0,0,1,0,
2026-09-25 15:48:09,1780,28.5,89,28.1,90,--,71,1617,1323,253,1,auto,0,0,1,0,
2026-09-25 15:48:19,1790,28.5,89,28.1,90,--,100,0,0,26,1,auto,0,0,1,0,
2026-09-25 15:48:29,1800,28.5,89,28.2,90,--,100,394,116,0,1,auto,0,0,1,0,
2026-09-25 15:48:39,1810,28.5,89,28.2,90,--,100,565,537,261,1,auto,0,0,1,0,
2026-09-25 15:48:49,1820,28.5,89,28.2,90,--,100,0,0,53,1,auto,0,0,1,0,
2026-09-25 15:48:59,1830,28.5,89,28.3,90,--,100,0,0,20,1,auto,0,0,1,0,
2026-09-25 15:49:09,1840,28.5,89,28.4,90,--,100,0,0,0,1,auto,0,0,1,0,
2026-09-25 15:49:19,1850,28.5,89,28.4,90,--,100,0,0,0,1,auto,0,0,1,0,
2026-09-25 15:49:29,1860,28.6,89,28.4,90,--,91,1260,1125,385,1,auto,0,0,1,0,
2026-09-25 15:49:41,1872,179.4,100,182.1,100,--,100,0,0,0,1,auto,0,0,1,0,
2026-09-25 15:49:51,1882,179.4,100,182.1,100,--,69,1670,1308,28,1,auto,0,0,1,0,
2026-09-25 15:50:01,1892,179.4,100,182.1,100,--,76,1511,1273,326,1,auto,0,0,1,0,
2026-09-25 15:50:11,1902,179.4,100,182.1,100,--,100,0,0,0,1,auto,0,0,1,0,
2026-09-25 15:50:21,1912,179.4,100,182.1,100,--,100,6,0,0,1,auto,0,0,1,0,
2026-09-25 15:50:31,1922,179.4,100,182.1,100,--,100,1066,683,0,1,auto,0,0,1,0,
2026-09-25 15:50:41,1932,179.4,100,182.1,100,--,100,867,526,0,1,auto,0,0,1,0,
2026-09-25 15:50:52,1942,179.4,100,182.1,100,--,100,0,0,0,1,auto,0,0,1,0,
2026-09-25 15:51:01,1952,179.4,100,182.1,100,--,100,0,0,52,1,auto,0,0,1,0,
2026-09-25 15:51:11,1962,179.4,100,182.1,100,--,100,0,0,0,1,auto,0,0,1,0,
2026-09-25 15:51:21,1972,28.6,89,28.5,89,--,100,10,30,106,1,auto,0,0,1,0,
2026-09-25 15:51:33,1984,179.4,100,182.1,100,--,100,31,0,0,1,auto,0,0,1,0,
2026-09-25 15:51:43,1994,179.4,100,182.1,100,--,100,214,216,161,1,auto,0,0,1,0,
2026-09-25 15:51:53,2004,28.5,89,28.5,89,--,100,640,346,0,1,auto,0,0,1,0,
2026-09-25 15:52:03,2014,28.5,89,28.5,89,--,100,0,0,4,1,auto,0,0,1,0,
2026-09-25 15:52:15,2026,179.4,100,182.1,100,--,100,791,475,0,1,auto,0,0,1,0,
2026-09-25 15:52:25,2036,179.4,100,182.1,100,--,100,0,0,0,1,auto,0,0,1,0,
2026-09-25 15:52:35,2046,179.4,100,182.1,100,--,100,433,408,227,1,auto,0,0,1,0,
2026-09-25 15:52:45,2056,179.4,100,182.1,100,--,66,1696,1357,146,1,auto,0,0,1,0,
2026-09-25 15:52:55,2066,179.4,100,182.1,100,--,100,1039,673,0,1,auto,0,0,1,0,
2026-09-25 15:53:05,2076,28.4,89,28.4,88,--,100,0,0,0,1,auto,0,0,1,0,
2026-09-25 15:53:15,2086,28.4,89,28.4,88,--,96,1157,1049,384,1,auto,0,0,1,0,
2026-09-25 15:53:25,2096,28.4,89,28.4,88,--,98,1117,730,0,1,auto,0,0,1,0,
2026-09-25 15:53:35,2106,28.4,89,28.4,88,--,100,0,0,0,1,auto,0,0,1,0,
2026-09-25 15:53:45,2116,28.5,89,28.4,88,--,100,206,210,158,1,auto,0,0,1,0,
2026-09-25 15:53:55,2126,28.5,88,28.4,88,--,67,1691,1360,75,1,auto,0,0,1,0,
2026-09-25 15:54:05,2136,28.5,89,28.5,88,--,100,1,0,0,1,auto,0,0,1,0,
2026-09-25 15:54:15,2146,28.4,89,28.5,88,--,100,0,0,0,1,auto,0,0,1,0,
2026-09-25 15:54:25,2156,28.5,89,28.4,87,--,99,1094,990,372,1,auto,0,0,1,0,
2026-09-25 15:54:35,2166,28.5,89,28.4,87,--,100,976,655,0,1,auto,0,0,1,0,
2026-09-25 15:54:45,2176,28.5,88,28.4,87,--,100,0,0,76,1,auto,0,0,1,0,
2026-09-25 15:54:55,2186,28.5,88,28.3,86,--,100,0,0,0,1,auto,0,0,1,0,
2026-09-25 15:55:05,2196,28.5,88,28.3,86,--,100,175,23,0,1,auto,0,0,1,0,
2026-09-25 15:55:15,2206,28.5,88,28.3,86,--,69,1641,1338,226,1,auto,0,0,1,0,
2026-09-25 15:55:25,2216,28.5,88,28.3,85,--,100,480,455,232,1,auto,0,0,1,0,
2026-09-25 15:55:35,2226,28.5,88,28.3,85,--,100,0,0,0,1,auto,0,0,1,0,
2026-09-25 15:55:45,2236,28.5,88,28.4,85,--,100,0,0,0,1,auto,0,0,1,0,
2026-09-25 15:55:55,2246,28.5,88,28.4,85,--,100,573,298,0,1,auto,0,0,1,0,
2026-09-25 15:56:05,2256,28.5,88,28.5,85,--,72,1587,1307,217,1,auto,0,0,1,0,
2026-09-25 15:56:15,2266,28.6,88,28.6,85,--,100,857,790,328,1,auto,0,0,1,0,
2026-09-25 15:56:25,2276,28.6,88,28.6,85,--,100,0,0,0,1,auto,0,0,1,0,
2026-09-25 15:56:35,2286,28.6,88,28.6,85,--,100,178,25,0,1,auto,0,0,1,0,
2026-09-25 15:56:45,2296,28.6,88,28.5,85,--,87,1321,1155,356,1,auto,0,0,1,0,
2026-09-25 15:56:55,2306,28.5,88,28.6,84,--,100,0,0,0,1,auto,0,0,1,0,
