pc_time,phase,ms,t_in,rh_in,p_in,t_out,rh_out,p_out,mistA,mistB,mode,in_ok,out_ok,tank_ok,event
2026-09-26 23:43:18,idle,,,,,,,,,,,,,,"S,mode=OFF,lo=75.0,hi=90.0,max=300,cool=180,man=400,use=A,period=1,in=bad,out=bad,tank=ok,mistA=0,mistB=0"
2026-09-26 23:43:18,idle,,,,,,,,,,,,,,mode MANUAL
2026-09-26 23:43:20,idle,,,,,,,,,,,,,,sensor IN found at 0x76
2026-09-26 23:43:20,idle,,,,,,,,,,,,,,sensor OUT (0x77) NOT FOUND - check wiring; retrying every 5 s
2026-09-26 23:43:20,idle,,,,,,,,,,,,,,"S,mode=OFF,lo=75.0,hi=90.0,max=300,cool=180,man=400,use=A,period=1,in=bad,out=missing,tank=ok,mistA=0,mistB=0"
2026-09-26 23:43:20,idle,1000,nan,nan,nan,nan,nan,nan,0,0,OFF,0,0,1,
2026-09-26 23:43:20,brain,,,,,,,,,,,,,,MARK  brain block start
2026-09-26 23:43:21,brain,2000,nan,nan,nan,nan,nan,nan,0,0,OFF,0,0,1,
2026-09-26 23:43:22,brain,3000,nan,nan,nan,nan,nan,nan,0,0,OFF,0,0,1,
2026-09-26 23:43:23,brain,4000,nan,nan,nan,nan,nan,nan,0,0,OFF,0,0,1,
2026-09-26 23:43:24,brain,5000,nan,nan,nan,nan,nan,nan,0,0,OFF,0,0,1,
2026-09-26 23:43:24,brain,,,,,,,,,,,,,,sensor OUT found at 0x77
2026-09-26 23:43:25,brain,6000,nan,nan,nan,nan,nan,nan,0,0,OFF,0,0,1,
2026-09-26 23:43:26,brain,7000,nan,nan,nan,nan,nan,nan,0,0,OFF,0,0,1,
2026-09-26 23:43:27,brain,8000,nan,nan,nan,nan,nan,nan,0,0,OFF,0,0,1,
2026-09-26 23:43:28,brain,,,,,,,,,,,,,,sensor IN reading OK
2026-09-26 23:43:28,brain,,,,,,,,,,,,,,sensor OUT reading OK
2026-09-26 23:43:28,brain,9000,20.96,0.00,806.97,31.11,0.00,1014.97,0,0,OFF,1,1,1,
2026-09-26 23:43:29,brain,10000,20.96,0.00,806.97,31.11,0.00,1014.94,0,0,OFF,1,1,1,
2026-09-26 23:43:30,brain,11000,20.96,0.00,806.97,31.11,0.00,1014.94,0,0,OFF,1,1,1,
2026-09-26 23:43:31,brain,12000,20.96,0.00,806.97,31.11,0.00,1014.94,0,0,OFF,1,1,1,
2026-09-26 23:43:31,brain,,,,,,,,,,,,,,ERR MIST on needs MODE MANUAL
2026-09-26 23:43:32,brain,,,,,,,,,,,,,,sensor IN LOST (bad readings)
2026-09-26 23:43:32,brain,,,,,,,,,,,,,,sensor OUT LOST (bad readings)
2026-09-26 23:43:32,brain,13000,nan,nan,nan,nan,nan,nan,0,0,OFF,0,0,1,
2026-09-26 23:43:33,brain,14000,nan,nan,nan,nan,nan,nan,0,0,OFF,0,0,1,
2026-09-26 23:43:34,brain,15000,nan,nan,nan,nan,nan,nan,0,0,OFF,0,0,1,
2026-09-26 23:43:35,brain,16000,nan,nan,nan,nan,nan,nan,0,0,OFF,0,0,1,
2026-09-26 23:43:36,brain,17000,nan,nan,nan,nan,nan,nan,0,0,OFF,0,0,1,
2026-09-26 23:43:37,brain,18000,nan,nan,nan,nan,nan,nan,0,0,OFF,0,0,1,
2026-09-26 23:43:38,brain,19000,nan,nan,nan,nan,nan,nan,0,0,OFF,0,0,1,
2026-09-26 23:43:39,brain,20000,nan,nan,nan,nan,nan,nan,0,0,OFF,0,0,1,
2026-09-26 23:43:40,brain,21000,nan,nan,nan,nan,nan,nan,0,0,OFF,0,0,1,
2026-09-26 23:43:41,brain,22000,nan,nan,nan,nan,nan,nan,0,0,OFF,0,0,1,
2026-09-26 23:43:42,brain,23000,nan,nan,nan,nan,nan,nan,0,0,OFF,0,0,1,
2026-09-26 23:43:43,brain,24000,nan,nan,nan,nan,nan,nan,0,0,OFF,0,0,1,
2026-09-26 23:43:44,brain,25000,nan,nan,nan,nan,nan,nan,0,0,OFF,0,0,1,
2026-09-26 23:43:45,brain,26000,nan,nan,nan,nan,nan,nan,0,0,OFF,0,0,1,
2026-09-26 23:43:46,brain,27000,nan,nan,nan,nan,nan,nan,0,0,OFF,0,0,1,
2026-09-26 23:43:47,brain,28000,nan,nan,nan,nan,nan,nan,0,0,OFF,0,0,1,
2026-09-26 23:43:48,brain,29000,nan,nan,nan,nan,nan,nan,0,0,OFF,0,0,1,
2026-09-26 23:43:49,brain,30000,nan,nan,nan,nan,nan,nan,0,0,OFF,0,0,1,
2026-09-26 23:43:50,brain,31000,nan,nan,nan,nan,nan,nan,0,0,OFF,0,0,1,
2026-09-26 23:43:51,brain,32000,nan,nan,nan,nan,nan,nan,0,0,OFF,0,0,1,
2026-09-26 23:43:52,brain,33000,nan,nan,nan,nan,nan,nan,0,0,OFF,0,0,1,
2026-09-26 23:43:53,brain,34000,nan,nan,nan,nan,nan,nan,0,0,OFF,0,0,1,
2026-09-26 23:43:54,brain,35000,nan,nan,nan,nan,nan,nan,0,0,OFF,0,0,1,
2026-09-26 23:43:55,brain,36000,nan,nan,nan,nan,nan,nan,0,0,OFF,0,0,1,
2026-09-26 23:43:56,brain,37000,nan,nan,nan,nan,nan,nan,0,0,OFF,0,0,1,
2026-09-26 23:43:57,brain,38000,nan,nan,nan,nan,nan,nan,0,0,OFF,0,0,1,
2026-09-26 23:43:58,brain,39000,nan,nan,nan,nan,nan,nan,0,0,OFF,0,0,1,
2026-09-26 23:43:59,brain,40000,nan,nan,nan,nan,nan,nan,0,0,OFF,0,0,1,
2026-09-26 23:44:00,brain,41000,nan,nan,nan,nan,nan,nan,0,0,OFF,0,0,1,
2026-09-26 23:44:01,brain,42000,nan,nan,nan,nan,nan,nan,0,0,OFF,0,0,1,
2026-09-26 23:44:02,brain,43000,nan,nan,nan,nan,nan,nan,0,0,OFF,0,0,1,
2026-09-26 23:44:03,brain,44000,nan,nan,nan,nan,nan,nan,0,0,OFF,0,0,1,
2026-09-26 23:44:04,brain,45000,nan,nan,nan,nan,nan,nan,0,0,OFF,0,0,1,
2026-09-26 23:44:05,brain,46000,nan,nan,nan,nan,nan,nan,0,0,OFF,0,0,1,
2026-09-26 23:44:06,brain,47000,nan,nan,nan,nan,nan,nan,0,0,OFF,0,0,1,
2026-09-26 23:44:07,brain,48000,nan,nan,nan,nan,nan,nan,0,0,OFF,0,0,1,
2026-09-26 23:44:08,brain,49000,nan,nan,nan,nan,nan,nan,0,0,OFF,0,0,1,
2026-09-26 23:44:09,brain,50000,nan,nan,nan,nan,nan,nan,0,0,OFF,0,0,1,
2026-09-26 23:44:10,brain,51000,nan,nan,nan,nan,nan,nan,0,0,OFF,0,0,1,
2026-09-26 23:44:11,brain,52000,nan,nan,nan,nan,nan,nan,0,0,OFF,0,0,1,
2026-09-26 23:44:12,brain,53000,nan,nan,nan,nan,nan,nan,0,0,OFF,0,0,1,
2026-09-26 23:44:13,brain,54000,nan,nan,nan,nan,nan,nan,0,0,OFF,0,0,1,
2026-09-26 23:44:14,brain,55000,nan,nan,nan,nan,nan,nan,0,0,OFF,0,0,1,
2026-09-26 23:44:15,brain,56000,nan,nan,nan,nan,nan,nan,0,0,OFF,0,0,1,
2026-09-26 23:44:16,brain,57000,nan,nan,nan,nan,nan,nan,0,0,OFF,0,0,1,
2026-09-26 23:44:17,brain,58000,nan,nan,nan,nan,nan,nan,0,0,OFF,0,0,1,
2026-09-26 23:44:18,brain,59000,nan,nan,nan,nan,nan,nan,0,0,OFF,0,0,1,
2026-09-26 23:44:19,brain,60000,nan,nan,nan,nan,nan,nan,0,0,OFF,0,0,1,
2026-09-26 23:44:20,brain,61000,nan,nan,nan,nan,nan,nan,0,0,OFF,0,0,1,
2026-09-26 23:44:21,brain,62000,nan,nan,nan,nan,nan,nan,0,0,OFF,0,0,1,
2026-09-26 23:44:22,brain,63000,nan,nan,nan,nan,nan,nan,0,0,OFF,0,0,1,
2026-09-26 23:44:23,brain,64000,nan,nan,nan,nan,nan,nan,0,0,OFF,0,0,1,
2026-09-26 23:44:24,brain,65000,nan,nan,nan,nan,nan,nan,0,0,OFF,0,0,1,
2026-09-26 23:44:25,brain,66000,nan,nan,nan,nan,nan,nan,0,0,OFF,0,0,1,
2026-09-26 23:44:26,brain,67000,nan,nan,nan,nan,nan,nan,0,0,OFF,0,0,1,
2026-09-26 23:44:27,brain,68000,nan,nan,nan,nan,nan,nan,0,0,OFF,0,0,1,
2026-09-26 23:44:28,brain,69000,nan,nan,nan,nan,nan,nan,0,0,OFF,0,0,1,
2026-09-26 23:44:29,brain,70000,nan,nan,nan,nan,nan,nan,0,0,OFF,0,0,1,
2026-09-26 23:44:30,brain,71000,nan,nan,nan,nan,nan,nan,0,0,OFF,0,0,1,
2026-09-26 23:44:31,brain,72000,nan,nan,nan,nan,nan,nan,0,0,OFF,0,0,1,
2026-09-26 23:44:32,brain,73000,nan,nan,nan,nan,nan,nan,0,0,OFF,0,0,1,
2026-09-26 23:44:33,brain,74000,nan,nan,nan,nan,nan,nan,0,0,OFF,0,0,1,
2026-09-26 23:44:34,brain,75000,nan,nan,nan,nan,nan,nan,0,0,OFF,0,0,1,
2026-09-26 23:44:35,brain,76000,nan,nan,nan,nan,nan,nan,0,0,OFF,0,0,1,
2026-09-26 23:44:36,brain,77000,nan,nan,nan,nan,nan,nan,0,0,OFF,0,0,1,
2026-09-26 23:44:37,brain,78000,nan,nan,nan,nan,nan,nan,0,0,OFF,0,0,1,
2026-09-26 23:44:38,brain,79000,nan,nan,nan,nan,nan,nan,0,0,OFF,0,0,1,
2026-09-26 23:44:39,brain,80000,nan,nan,nan,nan,nan,nan,0,0,OFF,0,0,1,
2026-09-26 23:44:40,brain,81000,nan,nan,nan,nan,nan,nan,0,0,OFF,0,0,1,
2026-09-26 23:44:41,brain,82000,nan,nan,nan,nan,nan,nan,0,0,OFF,0,0,1,
2026-09-26 23:44:42,brain,83000,nan,nan,nan,nan,nan,nan,0,0,OFF,0,0,1,
2026-09-26 23:44:43,brain,84000,nan,nan,nan,nan,nan,nan,0,0,OFF,0,0,1,
2026-09-26 23:44:43,brain,,,,,,,,,,,,,,ERR MIST on needs MODE MANUAL
2026-09-26 23:44:44,brain,85000,nan,nan,nan,nan,nan,nan,0,0,OFF,0,0,1,
2026-09-26 23:44:45,brain,86000,nan,nan,nan,nan,nan,nan,0,0,OFF,0,0,1,
2026-09-26 23:44:46,brain,87000,nan,nan,nan,nan,nan,nan,0,0,OFF,0,0,1,
2026-09-26 23:44:47,brain,88000,nan,nan,nan,nan,nan,nan,0,0,OFF,0,0,1,
2026-09-26 23:44:48,brain,89000,nan,nan,nan,nan,nan,nan,0,0,OFF,0,0,1,
2026-09-26 23:44:49,brain,90000,nan,nan,nan,nan,nan,nan,0,0,OFF,0,0,1,
2026-09-26 23:44:50,brain,91000,nan,nan,nan,nan,nan,nan,0,0,OFF,0,0,1,
2026-09-26 23:44:51,brain,92000,nan,nan,nan,nan,nan,nan,0,0,OFF,0,0,1,
2026-09-26 23:44:52,brain,93000,nan,nan,nan,nan,nan,nan,0,0,OFF,0,0,1,
2026-09-26 23:44:53,brain,94000,nan,nan,nan,nan,nan,nan,0,0,OFF,0,0,1,
2026-09-26 23:44:54,brain,95000,nan,nan,nan,nan,nan,nan,0,0,OFF,0,0,1,
2026-09-26 23:44:55,brain,96000,nan,nan,nan,nan,nan,nan,0,0,OFF,0,0,1,
2026-09-26 23:44:56,brain,97000,nan,nan,nan,nan,nan,nan,0,0,OFF,0,0,1,
2026-09-26 23:44:57,brain,98000,nan,nan,nan,nan,nan,nan,0,0,OFF,0,0,1,
2026-09-26 23:44:58,brain,99000,nan,nan,nan,nan,nan,nan,0,0,OFF,0,0,1,
2026-09-26 23:44:59,brain,100000,nan,nan,nan,nan,nan,nan,0,0,OFF,0,0,1,
2026-09-26 23:45:00,brain,101000,nan,nan,nan,nan,nan,nan,0,0,OFF,0,0,1,
2026-09-26 23:45:01,brain,102000,nan,nan,nan,nan,nan,nan,0,0,OFF,0,0,1,
2026-09-26 23:45:02,brain,103000,nan,nan,nan,nan,nan,nan,0,0,OFF,0,0,1,
2026-09-26 23:45:03,brain,104000,nan,nan,nan,nan,nan,nan,0,0,OFF,0,0,1,
2026-09-26 23:45:04,brain,105000,nan,nan,nan,nan,nan,nan,0,0,OFF,0,0,1,
2026-09-26 23:45:05,brain,106000,nan,nan,nan,nan,nan,nan,0,0,OFF,0,0,1,
2026-09-26 23:45:06,brain,107000,nan,nan,nan,nan,nan,nan,0,0,OFF,0,0,1,
2026-09-26 23:45:07,brain,108000,nan,nan,nan,nan,nan,nan,0,0,OFF,0,0,1,
2026-09-26 23:45:08,brain,109000,nan,nan,nan,nan,nan,nan,0,0,OFF,0,0,1,
2026-09-26 23:45:09,brain,110000,nan,nan,nan,nan,nan,nan,0,0,OFF,0,0,1,
2026-09-26 23:45:10,brain,111000,nan,nan,nan,nan,nan,nan,0,0,OFF,0,0,1,
2026-09-26 23:45:11,brain,112000,nan,nan,nan,nan,nan,nan,0,0,OFF,0,0,1,
2026-09-26 23:45:12,brain,113000,nan,nan,nan,nan,nan,nan,0,0,OFF,0,0,1,
2026-09-26 23:45:13,brain,114000,nan,nan,nan,nan,nan,nan,0,0,OFF,0,0,1,
2026-09-26 23:45:14,brain,115000,nan,nan,nan,nan,nan,nan,0,0,OFF,0,0,1,
2026-09-26 23:45:15,brain,116000,nan,nan,nan,nan,nan,nan,0,0,OFF,0,0,1,
2026-09-26 23:45:16,brain,117000,nan,nan,nan,nan,nan,nan,0,0,OFF,0,0,1,
2026-09-26 23:45:17,brain,118000,nan,nan,nan,nan,nan,nan,0,0,OFF,0,0,1,
2026-09-26 23:45:18,brain,119000,nan,nan,nan,nan,nan,nan,0,0,OFF,0,0,1,
2026-09-26 23:45:19,brain,120000,nan,nan,nan,nan,nan,nan,0,0,OFF,0,0,1,
2026-09-26 23:45:20,brain,121000,nan,nan,nan,nan,nan,nan,0,0,OFF,0,0,1,
2026-09-26 23:45:21,brain,122000,nan,nan,nan,nan,nan,nan,0,0,OFF,0,0,1,
2026-09-26 23:45:22,brain,123000,nan,nan,nan,nan,nan,nan,0,0,OFF,0,0,1,
2026-09-26 23:45:23,brain,124000,nan,nan,nan,nan,nan,nan,0,0,OFF,0,0,1,
2026-09-26 23:45:24,brain,125000,nan,nan,nan,nan,nan,nan,0,0,OFF,0,0,1,
2026-09-26 23:45:25,end,,,,,,,,,,,,,,mode OFF
2026-09-26 23:45:25,end,,,,,,,,,,,,,,"S,mode=OFF,lo=75.0,hi=90.0,max=300,cool=180,man=400,use=A,period=1,in=bad,out=bad,tank=ok,mistA=0,mistB=0"
2026-09-26 23:45:25,end,126000,nan,nan,nan,nan,nan,nan,0,0,OFF,0,0,1,
2026-09-26 23:45:26,end,127000,nan,nan,nan,nan,nan,nan,0,0,OFF,0,0,1,
